file,purpose_value,canonical_value,count,purpose_en,category,subcategory,confidence,rule,flags
geolayer,APARTAMENTO,APARTAMENTO,6090,APARTMENT,residential,apartment,high,^APARTAMENTO,
geolayer,RESIDENCIA ISOLADA,RESIDENCIA ISOLADA,1011,DETACHED HOUSE,residential,house,high,^RESIDENCIA,
geolayer,TERRENO,TERRENO,469,VACANT LOT,special,vacant_land,high,^TERRENO|^GLEBA,
geolayer,SALA COMERCIAL,SALA COMERCIAL,387,OFFICE UNIT,commercial,office,high,^SALA,
geolayer,RESIDENCIA PADRONIZADA EM COND HORIZONTAL FECHADO,RESIDENCIA PADRONIZADA EM COND HORIZONTAL FECHADO,247,STANDARD HOUSE IN GATED HORIZONTAL CONDOMINIUM,residential,house,high,^RESIDENCIA,
geolayer,RESIDENCIA CONDOM HORIZ ABERTO SEM AREA USO COMUM,RESIDENCIA CONDOM HORIZ ABERTO SEM AREA USO COMUM,189,HOUSE IN OPEN HORIZONTAL CONDOMINIUM WITHOUT COMMON AREA,residential,house,high,^RESIDENCIA,
geolayer,LOJA TERREA EM EDIFICIO,LOJA TERREA EM EDIFICIO,140,GROUND-FLOOR RETAIL UNIT,commercial,retail,high,^LOJA,
geolayer,UNIDADE DE COMERCIO E SERVICO ISOLADA,UNIDADE DE COMERCIO E SERVICO ISOLADA,78,DETACHED COMMERCIAL OR SERVICE UNIT,commercial,commercial_unit,high,UNIDADE .*COMERCIO,
geolayer,RESIDENCIA DE FRENTE COM INTERIORES,RESIDENCIA DE FRENTE COM INTERIORES,73,STREET-FRONT HOUSE WITH REAR UNITS,residential,house,high,^RESIDENCIA,
geolayer,APARTAMENTO DE COBERTURA,APARTAMENTO DE COBERTURA,57,PENTHOUSE APARTMENT,residential,apartment,high,^APARTAMENTO,
geolayer,LOJA EM GALERIA,LOJA EM GALERIA,52,SHOPPING ARCADE RETAIL UNIT,commercial,retail,high,^LOJA,
geolayer,RESIDENCIA NAO PADRONIZ EM CONDOM HORIZONTAL FECHADO,RESIDENCIA NAO PADRONIZ EM CONDOM HORIZONTAL FECHADO,50,NON-STANDARD HOUSE IN GATED HORIZONTAL CONDOMINIUM,residential,house,high,^RESIDENCIA,
geolayer,UNIDADE DE COM?RCIO OU SERVI?OS DE FRENTE N?O ISOLADA,UNIDADE DE COMERCIO OU SERVICOS DE FRENTE NAO ISOLADA,33,STREET-FRONT NON-DETACHED COMMERCIAL OR SERVICE UNIT,commercial,commercial_unit,high,UNIDADE .*COMERCIO,corrupted_source_spelling
geolayer,RESIDENCIA PADRONIZADA COND HORIZ ABERTO C ?REA USO COMUM,RESIDENCIA PADRONIZADA COND HORIZ ABERTO C AREA USO COMUM,32,STANDARD HOUSE IN OPEN HORIZONTAL CONDOMINIUM WITH COMMON AREA,residential,house,high,^RESIDENCIA,corrupted_source_spelling
geolayer,DEP?SITO ARMAZ?M PR?DIO INDUSTRIAL,DEPOSITO ARMAZEM PREDIO INDUSTRIAL,23,WAREHOUSE / STORAGE / INDUSTRIAL BUILDING,commercial,industrial,medium,INDUSTRIAL|ARMAZEM|DEP.SITO|DEPOSITO,corrupted_source_spelling
geolayer,TERRENO EM CONDOMINIO HORIZONTAL FECHADO,TERRENO EM CONDOMINIO HORIZONTAL FECHADO,17,VACANT LOT IN GATED HORIZONTAL CONDOMINIUM,special,vacant_land,high,^TERRENO|^GLEBA,
geolayer,GLEBA,GLEBA,15,UNSUBDIVIDED LAND,special,vacant_land,high,^TERRENO|^GLEBA,
geolayer,CONSTRUCAO EM AREA PROJETADA DE GLEBA,CONSTRUCAO EM AREA PROJETADA DE GLEBA,13,BUILDING ON PROJECTED PLOT AREA,special,projected_plot,low,AREA PROJETADA DE GLEBA,low_confidence_rule
geolayer,APART HOTEL FLAT,APART HOTELFLAT,12,APARTHOTEL / FLAT,commercial,hospitality,low,HOTEL,low_confidence_rule
geolayer,RESIDENCIA NAO PADRONIZADA EM COND HORIZ ABERTO C ?REA COMUM,RESIDENCIA NAO PADRONIZADA EM COND HORIZ ABERTO C AREA COMUM,11,NON-STANDARD HOUSE IN OPEN HORIZONTAL CONDOMINIUM WITH COMMON AREA,residential,house,high,^RESIDENCIA,corrupted_source_spelling
geolayer,IMOVEL ESPECIAL,IMOVEL ESPECIAL,7,SPECIAL-PURPOSE PROPERTY,special,special_property,medium,^IMOVEL ESPECIAL,
geolayer,RESIDENCIA DE INTERIOR,RESIDENCIA DE INTERIOR,7,INTERIOR HOUSE,residential,house,high,^RESIDENCIA,
geolayer,HOTEL MOTEL OU SIMILAR,HOTEL MOTEL OU SIMILAR,4,HOTEL / MOTEL OR SIMILAR,commercial,hospitality,low,HOTEL,low_confidence_rule
geolayer,(blank),(blank),4,,missing,unknown,high,^$,
geolayer,LOJA EM SHOPPING,LOJA EM SHOPPING,2,SHOPPING MALL RETAIL UNIT,commercial,retail,high,^LOJA,
geolayer,POSTO DE COMBUSTIVEL,POSTO DE COMBUSTIVEL,2,GAS STATION,commercial,fuel_station,high,POSTO DE COMBUSTIVEL,
geolayer,SALA DE COBERTURA,SALA DE COBERTURA,2,PENTHOUSE OFFICE UNIT,commercial,office,high,^SALA,
geolayer,EDIFICIO GARAGEM,EDIFICIO GARAGEM,1,PARKING GARAGE BUILDING,parking,garage_building,medium,GARAGEM,
geolayer,LOJA DE INTERIOR,LOJA DE INTERIOR,1,INTERIOR RETAIL UNIT,commercial,retail,high,^LOJA,
geolayer,TERRENO EM CONDOMINIO HORIZONTAL ABERTO,TERRENO EM CONDOMINIO HORIZONTAL ABERTO,1,VACANT LOT IN OPEN HORIZONTAL CONDOMINIUM,special,vacant_land,high,^TERRENO|^GLEBA,
itbi,APARTAMENTO,APARTAMENTO,16351,APARTMENT,residential,apartment,high,^APARTAMENTO,
itbi,ESPACO DE ESTACIONAMENTO RESIDENCIAL,ESPACO DE ESTACIONAMENTO RESIDENCIAL,9840,RESIDENTIAL PARKING SPACE,parking,parking_space,high,ESTACIONAMENTO,
itbi,RESIDENCIA ISOLADA,RESIDENCIA ISOLADA,1822,DETACHED HOUSE,residential,house,high,^RESIDENCIA,
itbi,SALA COMERCIAL,SALA COMERCIAL,1701,OFFICE UNIT,commercial,office,high,^SALA,
itbi,ESPACO DE ESTACIONAMENTO RESIDENCIAL DESCOBERTO,ESPACO DE ESTACIONAMENTO RESIDENCIAL DESCOBERTO,1533,UNCOVERED RESIDENTIAL PARKING SPACE,parking,parking_space,high,ESTACIONAMENTO,
itbi,(blank),(blank),1446,,missing,unknown,high,^$,
itbi,ESPACO DE ESTACIONAMENTO NAO RESIDENCIAL,ESPACO DE ESTACIONAMENTO NAO RESIDENCIAL,846,NON-RESIDENTIAL PARKING SPACE,parking,parking_space,high,ESTACIONAMENTO,
itbi,RESIDENCIA PADRONIZADA EM COND HORIZONTAL FECHADO,RESIDENCIA PADRONIZADA EM COND HORIZONTAL FECHADO,679,STANDARD HOUSE IN GATED HORIZONTAL CONDOMINIUM,residential,house,high,^RESIDENCIA,
itbi,APARTAMENTO DE COBERTURA,APARTAMENTO DE COBERTURA,492,PENTHOUSE APARTMENT,residential,apartment,high,^APARTAMENTO,
itbi,RESIDENCIA CONDOM HORIZ ABERTO SEM AREA USO COMUM,RESIDENCIA CONDOM HORIZ ABERTO SEM AREA USO COMUM,311,HOUSE IN OPEN HORIZONTAL CONDOMINIUM WITHOUT COMMON AREA,residential,house,high,^RESIDENCIA,
itbi,RESIDENCIA NAO PADRONIZ EM CONDOM HORIZONTAL FECHADO,RESIDENCIA NAO PADRONIZ EM CONDOM HORIZONTAL FECHADO,239,NON-STANDARD HOUSE IN GATED HORIZONTAL CONDOMINIUM,residential,house,high,^RESIDENCIA,
itbi,LOJA TERREA EM EDIFICIO,LOJA TERREA EM EDIFICIO,230,GROUND-FLOOR RETAIL UNIT,commercial,retail,high,^LOJA,
itbi,UNIDADE DE COMERCIO E SERVICO ISOLADA,UNIDADE DE COMERCIO E SERVICO ISOLADA,210,DETACHED COMMERCIAL OR SERVICE UNIT,commercial,commercial_unit,high,UNIDADE .*COMERCIO,
itbi,RESIDENCIA DE FRENTE COM INTERIORES,RESIDENCIA DE FRENTE COM INTERIORES,120,STREET-FRONT HOUSE WITH REAR UNITS,residential,house,high,^RESIDENCIA,
itbi,ESPACO DE ESTACIONAMENTO NAO RESIDENC DESCOBERTO,ESPACO DE ESTACIONAMENTO NAO RESIDENC DESCOBERTO,116,UNCOVERED NON-RESIDENTIAL PARKING SPACE,parking,parking_space,high,ESTACIONAMENTO,
itbi,ESPACO ESTACIONAMENTO VINCULADO RESID COBERTO,ESPACO ESTACIONAMENTO VINCULADO RESID COBERTO,83,ATTACHED COVERED RESIDENTIAL PARKING SPACE,parking,parking_space,high,ESTACIONAMENTO,
itbi,APART HOTELFLAT,APART HOTELFLAT,81,APARTHOTEL / FLAT,commercial,hospitality,low,HOTEL,low_confidence_rule
itbi,RESIDENCIA PADRONIZADA COND HORIZ ABERTO C AREA USO COMUM,RESIDENCIA PADRONIZADA COND HORIZ ABERTO C AREA USO COMUM,80,STANDARD HOUSE IN OPEN HORIZONTAL CONDOMINIUM WITH COMMON AREA,residential,house,high,^RESIDENCIA,
itbi,DEPOSITO ARMAZEM PREDIO INDUSTRIAL,DEPOSITO ARMAZEM PREDIO INDUSTRIAL,66,WAREHOUSE / STORAGE / INDUSTRIAL BUILDING,commercial,industrial,medium,INDUSTRIAL|ARMAZEM|DEP.SITO|DEPOSITO,
itbi,UNIDADE DE COMERCIO OU SERVICOS DE FRENTE NAO ISOLADA,UNIDADE DE COMERCIO OU SERVICOS DE FRENTE NAO ISOLADA,65,STREET-FRONT NON-DETACHED COMMERCIAL OR SERVICE UNIT,commercial,commercial_unit,high,UNIDADE .*COMERCIO,
itbi,RESIDENCIA DE INTERIOR,RESIDENCIA DE INTERIOR,44,INTERIOR HOUSE,residential,house,high,^RESIDENCIA,
itbi,LOJA EM GALERIA,LOJA EM GALERIA,38,SHOPPING ARCADE RETAIL UNIT,commercial,retail,high,^LOJA,
itbi,RESIDENCIA NAO PADRONIZADA EM COND HORIZ ABERTO C AREA COMUM,RESIDENCIA NAO PADRONIZADA EM COND HORIZ ABERTO C AREA COMUM,28,NON-STANDARD HOUSE IN OPEN HORIZONTAL CONDOMINIUM WITH COMMON AREA,residential,house,high,^RESIDENCIA,
itbi,HOTEL MOTEL OU SIMILAR,HOTEL MOTEL OU SIMILAR,24,HOTEL / MOTEL OR SIMILAR,commercial,hospitality,low,HOTEL,low_confidence_rule
itbi,GARAGEM COLETIVA,GARAGEM COLETIVA,23,COMMUNAL GARAGE,parking,garage_building,medium,GARAGEM,
itbi,EDIFICIO GARAGEM,EDIFICIO GARAGEM,23,PARKING GARAGE BUILDING,parking,garage_building,medium,GARAGEM,
itbi,TERRENO,TERRENO,22,VACANT LOT,special,vacant_land,high,^TERRENO|^GLEBA,
itbi,SALA DE COBERTURA,SALA DE COBERTURA,11,PENTHOUSE OFFICE UNIT,commercial,office,high,^SALA,
itbi,TERRENO EM CONDOMINIO HORIZONTAL FECHADO,TERRENO EM CONDOMINIO HORIZONTAL FECHADO,11,VACANT LOT IN GATED HORIZONTAL CONDOMINIUM,special,vacant_land,high,^TERRENO|^GLEBA,
itbi,ESPACO ESTACIONAMENTO VINCULADO RESID DESCOBERTO,ESPACO ESTACIONAMENTO VINCULADO RESID DESCOBERTO,10,ATTACHED UNCOVERED RESIDENTIAL PARKING SPACE,parking,parking_space,high,ESTACIONAMENTO,
itbi,POSTO DE COMBUSTIVEL,POSTO DE COMBUSTIVEL,9,GAS STATION,commercial,fuel_station,high,POSTO DE COMBUSTIVEL,
itbi,LOJA DE INTERIOR,LOJA DE INTERIOR,7,INTERIOR RETAIL UNIT,commercial,retail,high,^LOJA,
itbi,IMOVEL ESPECIAL,IMOVEL ESPECIAL,5,SPECIAL-PURPOSE PROPERTY,special,special_property,medium,^IMOVEL ESPECIAL,
itbi,CONSTRUCAO EM AREA PROJETADA DE GLEBA,CONSTRUCAO EM AREA PROJETADA DE GLEBA,4,BUILDING ON PROJECTED PLOT AREA,special,projected_plot,low,AREA PROJETADA DE GLEBA,low_confidence_rule
itbi,ESPACO ESTACIONAMENTO VINCULADO NAO RESID COBERTO,ESPACO ESTACIONAMENTO VINCULADO NAO RESID COBERTO,3,ATTACHED COVERED NON-RESIDENTIAL PARKING SPACE,parking,parking_space,high,ESTACIONAMENTO,
itbi,LOJA EM SHOPPING,LOJA EM SHOPPING,2,SHOPPING MALL RETAIL UNIT,commercial,retail,high,^LOJA,
itbi,GLEBA,GLEBA,2,UNSUBDIVIDED LAND,special,vacant_land,high,^TERRENO|^GLEBA,
itbi,AREA A VISTORIAR,AREA A VISTORIAR,1,AREA TO BE INSPECTED,special,residual_area,low,AREA A VISTORIAR|SOBRA DE AREA,low_confidence_rule
itbi,TERRENO EM CONDOMINIO HORIZONTAL ABERTO,TERRENO EM CONDOMINIO HORIZONTAL ABERTO,1,VACANT LOT IN OPEN HORIZONTAL CONDOMINIUM,special,vacant_land,high,^TERRENO|^GLEBA,
registry,APARTAMENTO,APARTAMENTO,340734,APARTMENT,residential,apartment,high,^APARTAMENTO,
registry,ESPACO DE ESTACIONAMENTO RESIDENCIAL,ESPACO DE ESTACIONAMENTO RESIDENCIAL,162895,RESIDENTIAL PARKING SPACE,parking,parking_space,high,ESTACIONAMENTO,
registry,RESIDENCIA ISOLADA,RESIDENCIA ISOLADA,97915,DETACHED HOUSE,residential,house,high,^RESIDENCIA,
registry,SALA COMERCIAL,SALA COMERCIAL,43464,OFFICE UNIT,commercial,office,high,^SALA,
registry,ESPACO DE ESTACIONAMENTO NAO RESIDENCIAL,ESPACO DE ESTACIONAMENTO NAO RESIDENCIAL,28735,NON-RESIDENTIAL PARKING SPACE,parking,parking_space,high,ESTACIONAMENTO,
registry,ESPACO DE ESTACIONAMENTO RESIDENCIAL DESCOBERTO,ESPACO DE ESTACIONAMENTO RESIDENCIAL DESCOBERTO,26962,UNCOVERED RESIDENTIAL PARKING SPACE,parking,parking_space,high,ESTACIONAMENTO,
registry,TERRENO,TERRENO,20542,VACANT LOT,special,vacant_land,high,^TERRENO|^GLEBA,
registry,RESIDENCIA DE FRENTE COM INTERIORES,RESIDENCIA DE FRENTE COM INTERIORES,16003,STREET-FRONT HOUSE WITH REAR UNITS,residential,house,high,^RESIDENCIA,
registry,RESIDENCIA DE INTERIOR,RESIDENCIA DE INTERIOR,12220,INTERIOR HOUSE,residential,house,high,^RESIDENCIA,
registry,RESIDENCIA PADRONIZADA EM COND HORIZONTAL FECHADO,RESIDENCIA PADRONIZADA EM COND HORIZONTAL FECHADO,11874,STANDARD HOUSE IN GATED HORIZONTAL CONDOMINIUM,residential,house,high,^RESIDENCIA,
registry,APARTAMENTO DE COBERTURA,APARTAMENTO DE COBERTURA,11791,PENTHOUSE APARTMENT,residential,apartment,high,^APARTAMENTO,
registry,LOJA TERREA EM EDIFICIO,LOJA TERREA EM EDIFICIO,11519,GROUND-FLOOR RETAIL UNIT,commercial,retail,high,^LOJA,
registry,RESIDENCIA CONDOM HORIZ ABERTO SEM AREA USO COMUM,RESIDENCIA CONDOM HORIZ ABERTO SEM AREA USO COMUM,10592,HOUSE IN OPEN HORIZONTAL CONDOMINIUM WITHOUT COMMON AREA,residential,house,high,^RESIDENCIA,
registry,UNIDADE DE COMERCIO E SERVICO ISOLADA,UNIDADE DE COMERCIO E SERVICO ISOLADA,9180,DETACHED COMMERCIAL OR SERVICE UNIT,commercial,commercial_unit,high,UNIDADE .*COMERCIO,
registry,UNIDADE DE COMERCIO OU SERVICOS DE FRENTE N?O ISOLADA,UNIDADE DE COMERCIO OU SERVICOS DE FRENTE NAO ISOLADA,8204,STREET-FRONT NON-DETACHED COMMERCIAL OR SERVICE UNIT,commercial,commercial_unit,high,UNIDADE .*COMERCIO,corrupted_source_spelling
registry,RESIDENCIA NAO PADRONIZ EM CONDOM HORIZONTAL FECHADO,RESIDENCIA NAO PADRONIZ EM CONDOM HORIZONTAL FECHADO,4280,NON-STANDARD HOUSE IN GATED HORIZONTAL CONDOMINIUM,residential,house,high,^RESIDENCIA,
registry,(blank),(blank),3671,,missing,unknown,high,^$,
registry,TERRENO EM CONDOMINIO HORIZONTAL FECHADO,TERRENO EM CONDOMINIO HORIZONTAL FECHADO,3024,VACANT LOT IN GATED HORIZONTAL CONDOMINIUM,special,vacant_land,high,^TERRENO|^GLEBA,
registry,ESPACO DE ESTACIONAMENTO NAO RESIDENC DESCOBERTO,ESPACO DE ESTACIONAMENTO NAO RESIDENC DESCOBERTO,2879,UNCOVERED NON-RESIDENTIAL PARKING SPACE,parking,parking_space,high,ESTACIONAMENTO,
registry,RESIDENCIA PADRONIZADA COND HORIZ ABERTO C ?REA USO COMUM,RESIDENCIA PADRONIZADA COND HORIZ ABERTO C AREA USO COMUM,2855,STANDARD HOUSE IN OPEN HORIZONTAL CONDOMINIUM WITH COMMON AREA,residential,house,high,^RESIDENCIA,corrupted_source_spelling
registry,DEP?SITO ARMAZEM PREDIO INDUSTRIAL,DEPOSITO ARMAZEM PREDIO INDUSTRIAL,2414,WAREHOUSE / STORAGE / INDUSTRIAL BUILDING,commercial,industrial,medium,INDUSTRIAL|ARMAZEM|DEP.SITO|DEPOSITO,corrupted_source_spelling
registry,APART HOTEL FLAT,APART HOTELFLAT,2185,APARTHOTEL / FLAT,commercial,hospitality,low,HOTEL,low_confidence_rule
registry,LOJA EM GALERIA,LOJA EM GALERIA,2146,SHOPPING ARCADE RETAIL UNIT,commercial,retail,high,^LOJA,
registry,GLEBA,GLEBA,1931,UNSUBDIVIDED LAND,special,vacant_land,high,^TERRENO|^GLEBA,
registry,IMOVEL ESPECIAL,IMOVEL ESPECIAL,1551,SPECIAL-PURPOSE PROPERTY,special,special_property,medium,^IMOVEL ESPECIAL,
registry,CONSTRUCAO EM AREA PROJETADA DE GLEBA,CONSTRUCAO EM AREA PROJETADA DE GLEBA,1166,BUILDING ON PROJECTED PLOT AREA,special,projected_plot,low,AREA PROJETADA DE GLEBA,low_confidence_rule
registry,LOJA EM SHOPPING,LOJA EM SHOPPING,807,SHOPPING MALL RETAIL UNIT,commercial,retail,high,^LOJA,
registry,LOJA DE INTERIOR,LOJA DE INTERIOR,645,INTERIOR RETAIL UNIT,commercial,retail,high,^LOJA,
registry,SALA DE COBERTURA,SALA DE COBERTURA,515,PENTHOUSE OFFICE UNIT,commercial,office,high,^SALA,
registry,GARAGEM COLETIVA,GARAGEM COLETIVA,453,COMMUNAL GARAGE,parking,garage_building,medium,GARAGEM,
registry,HOTEL MOTEL OU SIMILAR,HOTEL MOTEL OU SIMILAR,411,HOTEL / MOTEL OR SIMILAR,commercial,hospitality,low,HOTEL,low_confidence_rule
registry,RESIDENCIA NAO PADRONIZADA EM COND HORIZ ABERTO C ?REA COMUM,RESIDENCIA NAO PADRONIZADA EM COND HORIZ ABERTO C AREA COMUM,296,NON-STANDARD HOUSE IN OPEN HORIZONTAL CONDOMINIUM WITH COMMON AREA,residential,house,high,^RESIDENCIA,corrupted_source_spelling
registry,POSTO DE COMBUSTIVEL,POSTO DE COMBUSTIVEL,262,GAS STATION,commercial,fuel_station,high,POSTO DE COMBUSTIVEL,
registry,AREA A VISTORIAR,AREA A VISTORIAR,162,AREA TO BE INSPECTED,special,residual_area,low,AREA A VISTORIAR|SOBRA DE AREA,low_confidence_rule
registry,ESPACO ESTACIONAMENTO VINCULADO NAO RESID COBERTO,ESPACO ESTACIONAMENTO VINCULADO NAO RESID COBERTO,118,ATTACHED COVERED NON-RESIDENTIAL PARKING SPACE,parking,parking_space,high,ESTACIONAMENTO,
registry,TERRENOS CONDOMINIO HORIZ ABERTO SEM AREA USO COMUM,TERRENOS CONDOMINIO HORIZ ABERTO SEM AREA USO COMUM,109,,special,vacant_land,high,^TERRENO|^GLEBA,no_itbi_counterpart
registry,TERRENO EM CONDOMINIO HORIZONTAL ABERTO,TERRENO EM CONDOMINIO HORIZONTAL ABERTO,86,VACANT LOT IN OPEN HORIZONTAL CONDOMINIUM,special,vacant_land,high,^TERRENO|^GLEBA,
registry,SOBRA DE AREA,SOBRA DE AREA,47,,special,residual_area,low,AREA A VISTORIAR|SOBRA DE AREA,no_itbi_counterpart;low_confidence_rule
registry,ESPACO ESTACIONAMENTO VINCULADO RESID COBERTO,ESPACO ESTACIONAMENTO VINCULADO RESID COBERTO,32,ATTACHED COVERED RESIDENTIAL PARKING SPACE,parking,parking_space,high,ESTACIONAMENTO,
registry,EDIFICIO GARAGEM,EDIFICIO GARAGEM,31,PARKING GARAGE BUILDING,parking,garage_building,medium,GARAGEM,
registry,COMPLEXO INDUSTRIAL,COMPLEXO INDUSTRIAL,27,,commercial,industrial,medium,INDUSTRIAL|ARMAZEM|DEP.SITO|DEPOSITO,no_itbi_counterpart
registry,ESPACO ESTACIONAMENTO VINCULADO NAO RESID DESCOBERTO,ESPACO ESTACIONAMENTO VINCULADO NAO RESID DESCOBERTO,5,,parking,parking_space,high,ESTACIONAMENTO,no_itbi_counterpart
registry,ESPACO ESTACIONAMENTO VINCULADO RESID DESCOBERTO,ESPACO ESTACIONAMENTO VINCULADO RESID DESCOBERTO,1,ATTACHED UNCOVERED RESIDENTIAL PARKING SPACE,parking,parking_space,high,ESTACIONAMENTO,
