"Package","Version"
"tinytest","1.4.3"
"abind","1.4-8"
"backports","1.5.1"
"base64enc","0.1-6"
"bit","4.6.0"
"bit64","4.8.4"
"boot","1.3-32"
"brew","1.0-10"
"broom","1.0.13"
"bslib","0.12.0"
"cachem","1.1.0"
"callr","3.8.0"
"car","3.1-5"
"carData","3.0-5"
"checkmate","2.3.4"
"class","7.3-24"
"classInt","0.4-11"
"cli","3.6.6"
"clipr","0.8.1"
"coda","0.19-4.1"
"codetools","0.2-20"
"collections","0.3.12"
"colorspace","2.1-3"
"commonmark","2.0.0"
"cowplot","1.2.0"
"cpp11","0.5.5"
"crayon","1.5.3"
"data.table","1.18.6.1"
"DBI","1.3.0"
"deldir","2.0-4"
"Deriv","4.3.0"
"desc","1.4.3"
"digest","0.6.39"
"doBy","4.7.2"
"dplyr","1.2.1"
"e1071","1.7-17"
"evaluate","1.0.5"
"farver","2.1.2"
"fastmap","1.2.0"
"fontawesome","0.5.3"
"forecast","9.0.2"
"Formula","1.2-6"
"fracdiff","1.5-4"
"fs","2.1.0"
"generics","0.1.4"
"ggplot2","4.0.3"
"glue","1.8.1"
"gtable","0.3.6"
"highr","0.12"
"hms","1.1.4"
"htmltools","0.5.9"
"insight","1.5.2"
"isoband","0.3.0"
"jquerylib","0.1.4"
"jsonlite","2.0.0"
"KernSmooth","2.23-27"
"knitr","1.51"
"labeling","0.4.3"
"languageserver","0.3.18"
"lattice","0.23-1"
"LearnBayes","2.15.2"
"lifecycle","1.0.5"
"lintr","3.4.0"
"lme4","2.0-6"
"lmtest","0.9-40"
"magrittr","2.0.5"
"marginaleffects","0.32.0"
"MASS","7.3-66"
"Matrix","1.7-6"
"MatrixModels","0.5-4"
"memoise","2.0.1"
"mgcv","1.9-4"
"mime","0.13"
"minqa","1.2.8"
"modelr","0.1.11"
"multcomp","1.4-32"
"mvtnorm","1.4-2"
"nlme","3.1-170"
"nloptr","2.2.1"
"nnet","7.3-21"
"numDeriv","2016.8-1.1"
"otel","0.2.0"
"pbkrtest","0.5.5"
"pillar","1.11.1"
"pkgbuild","1.4.8"
"pkgconfig","2.0.3"
"pkgload","1.5.3"
"prettyunits","1.2.0"
"processx","3.9.0"
"progress","1.2.3"
"proxy","0.4-29"
"ps","1.9.3"
"purrr","1.2.2"
"quantreg","6.1"
"R.cache","0.17.0"
"R.methodsS3","1.8.2"
"R.oo","1.27.1"
"R.utils","2.13.0"
"R6","2.6.1"
"rappdirs","0.3.4"
"rbibutils","2.4.1"
"RColorBrewer","1.1-3"
"Rcpp","1.1.2"
"RcppArmadillo","15.4.2-1"
"RcppEigen","0.3.4.0.2"
"Rdpack","2.6.6"
"rdtools","0.1.0"
"readr","2.2.0"
"reformulas","0.4.4"
"remotes","2.5.0"
"rex","1.2.2"
"rlang","1.3.0"
"rmarkdown","2.31"
"roxygen2","8.1.0"
"rprojroot","2.1.1"
"s2","1.1.11"
"S7","0.2.2"
"sandwich","3.1-3"
"sass","0.4.10"
"scales","1.4.0"
"sf","1.1-2"
"sp","2.2-3"
"SparseM","1.84-2"
"spatialreg","1.4-3"
"spData","2.3.5"
"spdep","1.4-2"
"sphet","2.1-1"
"stars","0.7-3"
"stringi","1.8.9"
"stringr","1.6.0"
"styler","1.11.0"
"survival","3.8-11"
"terra","1.9-46"
"TH.data","1.1-5"
"tibble","3.3.1"
"tidyr","1.3.2"
"tidyselect","1.2.1"
"timeDate","4052.112"
"tinytex","0.60"
"tzdb","0.5.0"
"units","1.0-1"
"urca","1.3-4"
"utf8","1.2.6"
"vctrs","0.7.3"
"viridisLite","0.4.3"
"vroom","1.7.1"
"withr","3.0.3"
"wk","0.9.5"
"xfun","0.60"
"xml2","1.6.0"
"xmlparsedata","1.0.5"
"yaml","2.3.12"
"zoo","1.9-0"
"base","4.6.1"
"compiler","4.6.1"
"datasets","4.6.1"
"graphics","4.6.1"
"grDevices","4.6.1"
"grid","4.6.1"
"methods","4.6.1"
"parallel","4.6.1"
"splines","4.6.1"
"stats","4.6.1"
"stats4","4.6.1"
"tcltk","4.6.1"
"tools","4.6.1"
"utils","4.6.1"
